Andreas Knuepfer <andreas.knuepfer AT tu-dresden.de>
Ronny Brendel <ronny.brendel AT tu-dresden.de>
Johannes Spazier <johannes.spazier AT tu-dresden.de>
Matthias Jurenz <matthias.jurenz AT tu-dresden.de>
Bert Wesarg <bert.wesarg AT tu-dresden.de>
Robert Dietrich <robert.dietrich AT zih.tu-dresden.de>
Jens Doleschal <jens.doleschal AT tu-dresden.de>
Thomas Ilsche <thomas.ilsche AT tu-dresden.de>
Mathias Korepkat <mathias.korepkat AT tu-dresden.de>
Andre Groetzsch <andre.groetzsch AT tu-dresden.de>
Michael Heyde <michael.heyde AT tu-dresden.de>
Michael Kluge <michael.kluge AT tu-dresden.de>
Holger Mickler <holger.mickler AT tu-dresden.de>
Holger Brunst <holger.brunst AT tu-dresden.de>
Johannes Ziegenbalg <johannes.ziegenbalg AT mailbox.tu-dresden.de>
Hartmut Mix <hartmut.mix AT tu-dresden.de>
